Name,Team,Role,Has_Withdrawn,Is_Captain,Is_ViceCaptain,Age,Batting_Style,Bowling_Style
Rahmanullah Gurbaz,Afghanistan,Wicketkeeper Batter,false,false,true,22y 155d,Right hand Bat,
Hazratullah Zazai,Afghanistan,Opening Batter,false,false,false,26y 39d,Left hand Bat,Slow Left arm Orthodox
Ibrahim Zadran,Afghanistan,Opening Batter,false,false,false,22y 141d,Right hand Bat,Right arm Medium fast
Mohammad Ishaq,Afghanistan,Wicketkeeper Batter,false,false,false,19y 90d,Right hand Bat,
Najibullah Zadran,Afghanistan,Middle order Batter,false,false,false,31y 73d,Left hand Bat,Right arm Offbreak
Rashid Khan,Afghanistan,Bowling Allrounder,false,true,false,25y 224d,Right hand Bat,Legbreak Googly
Azmatullah Omarzai,Afghanistan,Allrounder,false,false,false,24y 38d,Right hand Bat,Right arm Medium fast
Gulbadin Naib,Afghanistan,Batting Allrounder,false,false,false,32y 332d,Right hand Bat,Right arm Medium fast
Karim Janat,Afghanistan,Bowling Allrounder,false,false,false,25y 264d,Right hand Bat,Right arm Medium
Mohammad Nabi,Afghanistan,Allrounder,false,false,false,39y 121d,Right hand Bat,Right arm Offbreak
Nangeyalia Kharote,Afghanistan,Allrounder,false,false,false,20y 6d,Left hand Bat,Slow Left arm Orthodox
Fareed Ahmad,Afghanistan,Bowler,false,false,false,29y 265d,Left hand Bat,Left arm Fast medium
Fazalhaq Farooqi,Afghanistan,Bowler,false,false,false,23y 222d,Right hand Bat,Left arm Fast medium
Naveen-ul-Haq,Afghanistan,Bowler,false,false,false,24y 221d,Right hand Bat,Right arm Medium fast
Noor Ahmad,Afghanistan,Bowler,false,false,false,19y 119d,Right hand Bat,Left arm Wrist spin
Mujeeb Ur Rahman,Afghanistan,Bowler,true,false,false,23y 34d,Right hand Bat,Right arm Offbreak
Tim David,Australia,Middle order Batter,false,false,false,28y 46d,Right hand Bat,Right arm Offbreak
Travis Head,Australia,Top order Batter,false,false,false,30y 124d,Left hand Bat,Right arm Offbreak
Josh Inglis,Australia,Wicketkeeper Batter,false,false,false,29y 58d,Right hand Bat,
Matthew Wade,Australia,Wicketkeeper Batter,false,false,false,36y 127d,Left hand Bat,Right arm Medium
David Warner,Australia,Opening Batter,false,false,false,37y 187d,Left hand Bat,Legbreak
Mitchell Marsh,Australia,Allrounder,false,true,false,32y 194d,Right hand Bat,Right arm Medium
Cameron Green,Australia,Batting Allrounder,false,false,false,24y 333d,Right hand Bat,Right arm Fast medium
Glenn Maxwell,Australia,Batting Allrounder,false,false,false,35y 200d,Right hand Bat,Right arm Offbreak
Marcus Stoinis,Australia,Batting Allrounder,false,false,false,34y 259d,Right hand Bat,Right arm Medium
Ashton Agar,Australia,Bowler,false,false,false,30y 200d,Left hand Bat,Slow Left arm Orthodox
Pat Cummins,Australia,Bowler,false,false,false,30y 359d,Right hand Bat,Right arm Fast
Nathan Ellis,Australia,Bowler,false,false,false,29y 222d,Right hand Bat,Right arm Fast medium
Josh Hazlewood,Australia,Bowler,false,false,false,33y 114d,Left hand Bat,Right arm Fast medium
Mitchell Starc,Australia,Bowler,false,false,false,34y 92d,Left hand Bat,Left arm Fast
Adam Zampa,Australia,Bowler,false,false,false,32y 31d,Right hand Bat,Legbreak Googly
Najmul Hossain Shanto,Bangladesh,Top order Batter,false,true,false,25y 263d,Left hand Bat,Right arm Offbreak
Jaker Ali,Bangladesh,Batter,false,false,false,26y 82d,Right hand Bat,
Litton Das,Bangladesh,Wicketkeeper Batter,false,false,false,29y 214d,Right hand Bat,Right arm Offbreak
Tanzid Hasan,Bangladesh,Opening Batter,false,false,false,23y 165d,Left hand Bat,
Towhid Hridoy,Bangladesh,Top order Batter,false,false,false,23y 162d,Right hand Bat,Right arm Offbreak
Mahedi Hasan,Bangladesh,Allrounder,false,false,false,29y 154d,Right hand Bat,Right arm Offbreak
Mahmudullah,Bangladesh,Allrounder,false,false,false,38y 100d,Right hand Bat,Right arm Offbreak
Shakib Al Hasan,Bangladesh,Allrounder,false,false,false,37y 51d,Left hand Bat,Slow Left arm Orthodox
Soumya Sarkar,Bangladesh,Batting Allrounder,false,false,false,31y 79d,Left hand Bat,Right arm Medium fast
Taskin Ahmed,Bangladesh,Bowler,false,false,true,29y 41d,Left hand Bat,Right arm Fast
Mustafizur Rahman,Bangladesh,Bowler,false,false,false,28y 251d,Left hand Bat,Left arm Fast medium
Rishad Hossain,Bangladesh,Bowler,false,false,false,21y 304d,Right hand Bat,Legbreak Googly
Shoriful Islam,Bangladesh,Bowler,false,false,false,22y 346d,Left hand Bat,Left arm Medium fast
Tanvir Islam,Bangladesh,Bowler,false,false,false,27y 202d,Left hand Bat,Slow Left arm Orthodox
Tanzim Hasan Sakib,Bangladesh,Bowler,false,false,false,21y 207d,Right hand Bat,Right arm Fast medium
Navneet Dhaliwal,Canada,Middle order Batter,false,false,false,35y 205d,Right hand Bat,Right arm Medium fast
Aaron Johnson,Canada,Batter,false,false,false,33y 47d,Right hand Bat,Right arm Offbreak
Shreyas Movva,Canada,Wicketkeeper Batter,false,false,false,30y 241d,Right hand Bat,
Ravinderpal Singh,Canada,Batter,false,false,false,35y 201d,Right hand Bat,Right arm Offbreak
Saad Bin Zafar,Canada,Allrounder,false,true,false,37y 174d,Left hand Bat,Slow Left arm Orthodox
Dilpreet Bajwa,Canada,Allrounder,false,false,false,21y 97d,Right hand Bat,Right arm Offbreak
Junaid Siddiqui,Canada,Allrounder,false,false,false,39y 38d,Right hand Bat,Legbreak
Nicholas Kirton,Canada,Batting Allrounder,false,false,false,25y 362d,Left hand Bat,
Pargat Singh,Canada,Allrounder,false,false,false,32y 19d,Right hand Bat,Right arm Offbreak
Rayyan Pathan,Canada,Batting Allrounder,false,false,false,32y 148d,Right hand Bat,Right arm Fast medium
Harsh Thaker,Canada,Allrounder,true,false,false,26y 191d,Right hand Bat,Right arm Offbreak
Nikhil Dutta,Canada,Bowler,false,false,false,29y 202d,Right hand Bat,Right arm Offbreak
Jeremy Gordon,Canada,Bowler,false,false,false,37y 103d,Right hand Bat,Right arm Fast medium
Dilon Heyliger,Canada,Bowler,false,false,false,34y 194d,Right hand Bat,Right arm Medium
Rishiv Joshi,Canada,Bowler,false,false,false,23y 180d,Right hand Bat,Left arm Medium fast
Kaleem Sana,Canada,Bowler,false,false,false,30y 122d,Right hand Bat,Left arm Medium fast
Jos Buttler,England,Wicketkeeper Batter,false,true,false,33y 235d,Right hand Bat,
Jonny Bairstow,England,Wicketkeeper Batter,false,false,false,34y 217d,Right hand Bat,Right arm Medium
Harry Brook,England,Batter,false,false,false,25y 68d,Right hand Bat,Right arm Medium
Ben Duckett,England,Top order Batter,false,false,false,29y 196d,Left hand Bat,Right arm Offbreak
Phil Salt,England,Wicketkeeper Batter,false,false,false,27y 246d,Right hand Bat,Right arm Offbreak
Moeen Ali,England,Batting Allrounder,false,false,false,36y 317d,Left hand Bat,Right arm Offbreak
Sam Curran,England,Allrounder,false,false,false,25y 332d,Left hand Bat,Left arm Medium fast
Will Jacks,England,Batting Allrounder,false,false,false,25y 161d,Right hand Bat,Right arm Offbreak
Liam Livingstone,England,Batting Allrounder,false,false,false,30y 270d,Right hand Bat,"Right arm Offbreak, Legbreak"
Jofra Archer,England,Bowler,false,false,false,29y 29d,Right hand Bat,Right arm Fast
Tom Hartley,England,Bowler,false,false,false,24y 363d,Left hand Bat,Slow Left arm Orthodox
Chris Jordan,England,Bowler,false,false,false,35y 209d,Right hand Bat,Right arm Fast medium
Adil Rashid,England,Bowler,false,false,false,36y 73d,Right hand Bat,Legbreak
Reece Topley,England,Bowler,false,false,false,30y 69d,Right hand Bat,Left arm Fast medium
Mark Wood,England,Bowler,false,false,false,34y 110d,Right hand Bat,Right arm Fast
Rohit Sharma,India,Top order Batter,false,true,false,37y,Right hand Bat,Right arm Offbreak
Yashasvi Jaiswal,India,Opening Batter,false,false,false,22y 124d,Left hand Bat,Legbreak
Virat Kohli,India,Top order Batter,false,false,false,35y 177d,Right hand Bat,Right arm Medium
Rishabh Pant,India,Wicketkeeper Batter,false,false,false,26y 209d,Left hand Bat,
Sanju Samson,India,Wicketkeeper Batter,false,false,false,29y 171d,Right hand Bat,
Suryakumar Yadav,India,Batter,false,false,false,33y 229d,Right hand Bat,"Right arm Medium, Right arm Offbreak"
Hardik Pandya,India,Allrounder,false,false,true,30y 202d,Right hand Bat,Right arm Medium fast
Shivam Dube,India,Allrounder,false,false,false,30y 309d,Left hand Bat,Right arm Medium
Ravindra Jadeja,India,Allrounder,false,false,false,35y 146d,Left hand Bat,Slow Left arm Orthodox
Axar Patel,India,Allrounder,false,false,false,30y 101d,Left hand Bat,Slow Left arm Orthodox
Arshdeep Singh,India,Bowler,false,false,false,25y 85d,Left hand Bat,Left arm Medium fast
Jasprit Bumrah,India,Bowler,false,false,false,30y 146d,Right hand Bat,Right arm Fast
Yuzvendra Chahal,India,Bowler,false,false,false,33y 282d,Right hand Bat,Legbreak Googly
Kuldeep Yadav,India,Bowler,false,false,false,29y 138d,Left hand Bat,Left arm Wrist spin
Mohammed Siraj,India,Bowler,false,false,false,30y 48d,Right hand Bat,Right arm Fast
Ross Adair,Ireland,Top order Batter,false,false,false,30y 16d,Right hand Bat,Slow Left arm Orthodox
Andy Balbirnie,Ireland,Batter,false,false,false,33y 131d,Right hand Bat,Right arm Offbreak
Neil Rock,Ireland,Wicketkeeper Batter,false,false,false,23y 226d,Left hand Bat,
Harry Tector,Ireland,Middle order Batter,false,false,false,24y 153d,Right hand Bat,Right arm Offbreak
Lorcan Tucker,Ireland,Wicketkeeper Batter,false,false,false,27y 240d,Right hand Bat,
Paul Stirling,Ireland,Batting Allrounder,false,true,false,33y 247d,Right hand Bat,Right arm Offbreak
Mark Adair,Ireland,Bowling Allrounder,false,false,false,28y 41d,Right hand Bat,Right arm Fast medium
Curtis Campher,Ireland,Allrounder,false,false,false,25y 17d,Right hand Bat,Right arm Medium fast
Gareth Delany,Ireland,Batting Allrounder,false,false,false,27y 9d,Right hand Bat,Legbreak Googly
George Dockrell,Ireland,Allrounder,false,false,false,31y 290d,Right hand Bat,Slow Left arm Orthodox
Graham Hume,Ireland,Bowler,false,false,false,33y 166d,Left hand Bat,Right arm Fast medium
Josh Little,Ireland,Bowler,false,false,false,24y 188d,Right hand Bat,Left arm Fast medium
Barry McCarthy,Ireland,Bowler,false,false,false,31y 237d,Right hand Bat,Right arm Fast medium
Ben White,Ireland,Bowler,false,false,false,25y 252d,Right hand Bat,Legbreak
Craig Young,Ireland,Bowler,false,false,false,34y 33d,Right hand Bat,Right arm Fast medium
Nikolaas Davin,Namibia,Batter,false,false,false,26y 143d,Right hand Bat,Legbreak
Zane Green,Namibia,Wicketkeeper Batter,false,false,false,27y 212d,Left hand Bat,
JP Kotze,Namibia,Batter,false,false,false,30y 17d,Left hand Bat,
Malan Kruger,Namibia,Batter,false,false,false,29y 28d,Right hand Bat,
Dylan Leicher,Namibia,Middle order Batter,false,false,false,20y 7d,Right hand Bat,Right arm Medium
Gerhard Erasmus,Namibia,Allrounder,false,true,false,29y 29d,Right hand Bat,Right arm Offbreak
JJ Smit,Namibia,Bowling Allrounder,false,false,true,28y 182d,Right hand Bat,Left arm Medium fast
Jan Frylinck,Namibia,Allrounder,false,false,false,30y 34d,Left hand Bat,Left arm Fast medium
Michael van Lingen,Namibia,Bowling Allrounder,false,false,false,26y 199d,Left hand Bat,"Left arm Medium, Slow Left arm Orthodox"
David Wiese,Namibia,Allrounder,false,false,false,38y 358d,Right hand Bat,Right arm Medium fast
Peter-Daniel Blignaut,Namibia,Bowler,false,false,false,18y 202d,Right hand Bat,Slow Left arm Orthodox
Jack Brassell,Namibia,Bowler,false,false,false,19y 40d,Right hand Bat,Right arm Medium
Tangeni Lungameni,Namibia,Bowler,false,false,false,32y 23d,Right hand Bat,Left arm Medium
Bernard Scholtz,Namibia,Bowler,false,false,false,33y 220d,Right hand Bat,Slow Left arm Orthodox
Ben Shikongo,Namibia,Bowler,false,false,false,24y 2d,Right hand Bat,Right arm Medium fast
Ruben Trumpelmann,Namibia,Bowler,false,false,false,26y 99d,Right hand Bat,Left arm Fast
Aasif Sheikh,Nepal,Wicketkeeper Batter,false,false,false,22y 314d,Right hand Bat,
Dipendra Singh Airee,Nepal,Middle order Batter,false,false,false,24y 98d,Right hand Bat,"Right arm Medium, Right arm Offbreak"
Kushal Bhurtel,Nepal,Opening Batter,false,false,false,27y 100d,Right hand Bat,Legbreak Googly
Sundeep Jora,Nepal,Middle order Batter,false,false,false,22y 194d,Right hand Bat,
Anil Sah,Nepal,Wicketkeeper,false,false,false,25y 166d,Right hand Bat,Right arm Offbreak
Rohit Paudel,Nepal,Batting Allrounder,false,true,false,21y 242d,Right hand Bat,Right arm Offbreak
Gulsan Jha,Nepal,Allrounder,false,false,false,18y 74d,Left hand Bat,Right arm Medium
Karan KC,Nepal,Allrounder,false,false,false,32y 204d,Right hand Bat,Right arm Fast
Kushal Malla,Nepal,Batting Allrounder,false,false,false,20y 57d,Left hand Bat,Slow Left arm Orthodox
Sompal Kami,Nepal,Bowling Allrounder,false,false,false,28y 89d,Right hand Bat,Right arm Fast medium
Pratis GC,Nepal,Bowling Allrounder,true,false,false,19y 345d,Right hand Bat,Left arm Medium
Kamal Airee,Nepal,Bowler,false,false,false,23y 134d,Right hand Bat,Right arm Medium
Abinash Bohara,Nepal,Bowler,false,false,false,26y 276d,Right hand Bat,Right arm Medium
Sagar Dhakal,Nepal,Bowler,false,false,false,22y 139d,Right hand Bat,Slow Left arm Orthodox
Sandeep Lamichhane,Nepal,Bowler,false,false,false,23y 273d,Right hand Bat,Legbreak Googly
Lalit Rajbanshi,Nepal,Bowler,false,false,false,25y 64d,Right hand Bat,Slow Left arm Orthodox
Scott Edwards,Netherlands,Wicketkeeper Batter,false,true,false,27y 264d,Right hand Bat,
Wesley Barresi,Netherlands,Batter,false,false,false,40y 10d,Right hand Bat,Right arm Offbreak
Michael Levitt,Netherlands,Top order Batter,false,false,false,20y 329d,Right hand Bat,Right arm Fast
Max O'Dowd,Netherlands,Opening Batter,false,false,false,30y 70d,Right hand Bat,Right arm Offbreak
Vikramjit Singh,Netherlands,Opening Batter,false,false,false,21y 125d,Left hand Bat,Right arm Medium
Bas de Leede,Netherlands,Batting Allrounder,false,false,false,24y 180d,Right hand Bat,Right arm Fast medium
Sybrand Engelbrecht,Netherlands,Allrounder,false,false,false,35y 241d,Right hand Bat,Right arm Offbreak
Teja Nidamanuru,Netherlands,Allrounder,false,false,false,29y 265d,Right hand Bat,Right arm Offbreak
Tim Pringle,Netherlands,Allrounder,false,false,false,21y 258d,Right hand Bat,Slow Left arm Orthodox
Saqib Zulfiqar,Netherlands,Bowling Allrounder,false,false,false,27y 46d,Right hand Bat,Legbreak
Aryan Dutt,Netherlands,Bowler,false,false,false,21y 1d,Right hand Bat,Right arm Offbreak
Vivian Kingma,Netherlands,Bowler,false,false,false,29y 203d,Right hand Bat,Right arm Medium fast
Kyle Klein,Netherlands,Bowler,false,false,false,22y 315d,Right hand Bat,Right arm Medium
Logan van Beek,Netherlands,Bowler,false,false,false,33y 249d,Right hand Bat,Right arm Medium fast
Paul van Meekeren,Netherlands,Bowler,false,false,false,31y 119d,Right hand Bat,Right arm Fast medium
Daniel Doram,Netherlands,Bowler,true,false,false,26y 213d,Left hand Bat,Slow Left arm Orthodox
Fred Klaassen,Netherlands,Bowler,true,false,false,31y 182d,Right hand Bat,Left arm Fast medium
Kane Williamson,New Zealand,Top order Batter,false,true,false,33y 265d,Right hand Bat,Right arm Offbreak
Finn Allen,New Zealand,Top order Batter,false,false,false,25y 7d,Right hand Bat,
Devon Conway,New Zealand,Wicketkeeper Batter,false,false,false,32y 296d,Left hand Bat,Right arm Medium
Michael Bracewell,New Zealand,Batting Allrounder,false,false,false,33y 75d,Left hand Bat,Right arm Offbreak
Mark Chapman,New Zealand,Allrounder,false,false,false,29y 307d,Left hand Bat,Slow Left arm Orthodox
Daryl Mitchell,New Zealand,Batting Allrounder,false,false,false,32y 345d,Right hand Bat,Right arm Medium
James Neesham,New Zealand,Batting Allrounder,false,false,false,33y 225d,Left hand Bat,Right arm Medium fast
Glenn Phillips,New Zealand,Allrounder,false,false,false,27y 145d,Right hand Bat,Right arm Offbreak
Rachin Ravindra,New Zealand,Batting Allrounder,false,false,false,24y 163d,Left hand Bat,Slow Left arm Orthodox
Mitchell Santner,New Zealand,Bowling Allrounder,false,false,false,32y 84d,Left hand Bat,Slow Left arm Orthodox
Trent Boult,New Zealand,Bowler,false,false,false,34y 282d,Right hand Bat,Left arm Fast medium
Lockie Ferguson,New Zealand,Bowler,false,false,false,32y 321d,Right hand Bat,Right arm Fast
Matt Henry,New Zealand,Bowler,false,false,false,32y 137d,Right hand Bat,Right arm Fast medium
Ish Sodhi,New Zealand,Bowler,false,false,false,31y 181d,Right hand Bat,Legbreak
Tim Southee,New Zealand,Bowler,false,false,false,35y 140d,Right hand Bat,Right arm Medium fast
Aqib Ilyas,Oman,Top order Batter,false,true,false,31y 239d,Right hand Bat,"Right arm Offbreak, Legbreak Googly"
Pratik Athavale,Oman,Wicketkeeper Batter,false,false,false,27y 11d,Right hand Bat,Right arm Offbreak
Khalid Kail,Oman,Middle order Batter,false,false,false,27y 201d,Right hand Bat,
Mehran Khan,Oman,Batter,false,false,false,37y 18d,Right hand Bat,Right arm Medium fast
Naseem Khushi,Oman,Wicketkeeper,false,false,false,41y 264d,Right hand Bat,
Kashyap Prajapati,Oman,Top order Batter,false,false,false,28y 203d,Right hand Bat,Right arm Offbreak
Shoaib Khan,Oman,Batter,false,false,false,31y 147d,Right hand Bat,Right arm Medium
Zeeshan Maqsood,Oman,Opening Batter,false,false,false,36y 190d,Left hand Bat,Slow Left arm Orthodox
Ayaan Khan,Oman,Allrounder,false,false,false,31y 245d,Left hand Bat,Slow Left arm Orthodox
Mohammad Nadeem,Oman,Allrounder,false,false,false,41y 240d,Right hand Bat,Right arm Medium fast
Bilal Khan,Oman,Bowler,false,false,false,37y 21d,Left hand Bat,Left arm Medium fast
Fayyaz Butt,Oman,Bowler,false,false,false,30y 258d,Right hand Bat,Right arm Medium fast
Kaleemullah,Oman,Bowler,false,false,false,33y 129d,Right hand Bat,Right arm Medium
Rafiullah,Oman,Bowler,false,false,false,27y 259d,Right hand Bat,Right arm Medium
Shakeel Ahmed,Oman,Bowler,false,false,false,36y 87d,Left hand Bat,Slow Left arm Orthodox
Babar Azam,Pakistan,Batter,false,true,false,29y 222d,Right hand Bat,Right arm Offbreak
Azam Khan,Pakistan,Wicketkeeper Batter,false,false,false,25y 288d,Right hand Bat,
Fakhar Zaman,Pakistan,Opening Batter,false,false,false,34y 44d,Left hand Bat,Slow Left arm Orthodox
Iftikhar Ahmed,Pakistan,Middle order Batter,false,false,false,33y 264d,Right hand Bat,Right arm Offbreak
Mohammad Rizwan,Pakistan,Wicketkeeper Batter,false,false,false,31y 358d,Right hand Bat,Right arm Medium
Saim Ayub,Pakistan,Top order Batter,false,false,false,22y,Left hand Bat,"Right arm Medium fast, Right arm Offbreak"
Usman Khan,Pakistan,Top order Batter,false,false,false,29y 14d,Right hand Bat,Right arm Offbreak
Imad Wasim,Pakistan,Allrounder,false,false,false,35y 158d,Left hand Bat,Slow Left arm Orthodox
Shadab Khan,Pakistan,Allrounder,false,false,false,25y 233d,Right hand Bat,Legbreak
Abbas Afridi,Pakistan,Bowler,false,false,false,23y 49d,Right hand Bat,Right arm Medium fast
Abrar Ahmed,Pakistan,Bowler,false,false,false,25y 256d,Right hand Bat,Legbreak Googly
Haris Rauf,Pakistan,Bowler,false,false,false,30y 199d,Right hand Bat,Right arm Fast
Mohammad Amir,Pakistan,Bowler,false,false,false,32y 41d,Left hand Bat,Left arm Fast medium
Naseem Shah,Pakistan,Bowler,false,false,false,21y 99d,Right hand Bat,Right arm Fast
Shaheen Shah Afridi,Pakistan,Bowler,false,false,false,24y 48d,Left hand Bat,Left arm Fast
Assad Vala,Papua New Guinea,Batter,false,true,false,36y 277d,Left hand Bat,Right arm Offbreak
Sese Bau,Papua New Guinea,Middle order Batter,false,false,false,31y 320d,Left hand Bat,Right arm Offbreak
Kiplin Doriga,Papua New Guinea,Wicketkeeper Batter,false,false,false,28y 203d,Right hand Bat,
Hiri Hiri,Papua New Guinea,Middle order Batter,false,false,false,29y 7d,Right hand Bat,Right arm Offbreak
Lega Siaka,Papua New Guinea,Opening Batter,false,false,false,31y 139d,Right hand Bat,"Right arm Fast medium, Legbreak"
Tony Ura,Papua New Guinea,Opening Batter,false,false,false,34y 206d,Right hand Bat,
Hila Vare,Papua New Guinea,Batter,false,false,false,22y 272d,Left hand Bat,
Charles Amini,Papua New Guinea,Allrounder,false,false,true,32y 24d,Left hand Bat,Legbreak
Jack Gardner,Papua New Guinea,Bowler,false,false,false,23y 137d,Left hand Bat,Left arm Fast
Semo Kamea,Papua New Guinea,Bowler,false,false,false,22y 261d,Left hand Bat,Slow Left arm Orthodox
John Kariko,Papua New Guinea,Bowler,false,false,false,20y 113d,Right hand Bat,Left arm Medium
Kabua Morea,Papua New Guinea,Bowler,false,false,false,30y 221d,Right hand Bat,Right arm Medium
Alei Nao,Papua New Guinea,Bowler,false,false,false,30y 151d,Right hand Bat,Right arm Medium fast
Chad Soper,Papua New Guinea,Bowler,false,false,false,32y 171d,Right hand Bat,Right arm Medium
Norman Vanua,Papua New Guinea,Bowler,false,false,false,30y 158d,,
Richie Berrington,Scotland,Top order Batter,false,true,false,37y 33d,Right hand Bat,Right arm Medium fast
Matthew Cross,Scotland,Wicketkeeper Batter,false,false,false,31y 204d,Right hand Bat,
Ollie Hairs,Scotland,Opening Batter,false,false,false,33y 22d,Left hand Bat,Right arm Offbreak
Michael Jones,Scotland,Top order Batter,false,false,false,26y 122d,Right hand Bat,Right arm Offbreak
George Munsey,Scotland,Opening Batter,false,false,false,31y 75d,Left hand Bat,Right arm Medium fast
Charlie Tear,Scotland,Wicketkeeper Batter,false,false,false,19y 329d,Right hand Bat,
Michael Leask,Scotland,Allrounder,false,false,false,33y 190d,Right hand Bat,Right arm Offbreak
Brandon McMullen,Scotland,Batting Allrounder,false,false,false,24y 201d,Right hand Bat,Right arm Medium
Brad Currie,Scotland,Bowler,false,false,false,25y 180d,Right hand Bat,Left arm Medium
Chris Greaves,Scotland,Bowler,false,false,false,33y 207d,Right hand Bat,Legbreak
Jack Jarvis,Scotland,Bowler,false,false,false,20y 343d,Right hand Bat,Right arm Medium fast
Safyaan Sharif,Scotland,Bowler,false,false,false,32y 348d,Right hand Bat,Right arm Medium fast
Chris Sole,Scotland,Bowler,false,false,false,30y 69d,Right hand Bat,Right arm Fast medium
Mark Watt,Scotland,Bowler,false,false,false,27y 282d,Left hand Bat,Slow Left arm Orthodox
Brad Wheal,Scotland,Bowler,false,false,false,27y 252d,Right hand Bat,Right arm Fast medium
Aiden Markram,South Africa,Opening Batter,false,true,false,29y 209d,Right hand Bat,Right arm Offbreak
Quinton de Kock,South Africa,Wicketkeeper Batter,false,false,false,31y 135d,Left hand Bat,
Reeza Hendricks,South Africa,Opening Batter,false,false,false,34y 260d,Right hand Bat,Right arm Offbreak
Heinrich Klaasen,South Africa,Wicketkeeper Batter,false,false,false,32y 275d,Right hand Bat,Right arm Offbreak
David Miller,South Africa,Middle order Batter,false,false,false,34y 325d,Left hand Bat,Right arm Offbreak
Ryan Rickelton,South Africa,Wicketkeeper Batter,false,false,false,27y 294d,Left hand Bat,
Tristan Stubbs,South Africa,Batter,false,false,false,23y 260d,Right hand Bat,Right arm Offbreak
Marco Jansen,South Africa,Bowling Allrounder,false,false,false,23y 365d,Right hand Bat,Left arm Medium fast
Ottneil Baartman,South Africa,Bowler,false,false,false,31y 43d,Right hand Bat,Right arm Medium fast
Gerald Coetzee,South Africa,Bowler,false,false,false,23y 211d,Right hand Bat,Right arm Fast
Bjorn Fortuin,South Africa,Bowler,false,false,false,29y 192d,Right hand Bat,Slow Left arm Orthodox
Keshav Maharaj,South Africa,Bowler,false,false,false,34y 83d,Right hand Bat,Slow Left arm Orthodox
Anrich Nortje,South Africa,Bowler,false,false,false,30y 166d,Right hand Bat,Right arm Fast
Kagiso Rabada,South Africa,Bowler,false,false,false,28y 341d,Left hand Bat,Right arm Fast
Tabraiz Shamsi,South Africa,Bowler,false,false,false,34y 72d,Right hand Bat,Left arm Wrist spin
Kusal Mendis,Sri Lanka,Wicketkeeper Batter,false,false,false,29y 97d,Right hand Bat,Legbreak
Pathum Nissanka,Sri Lanka,Top order Batter,false,false,false,25y 357d,Right hand Bat,
Sadeera Samarawickrama,Sri Lanka,Wicketkeeper Batter,false,false,false,28y 253d,Right hand Bat,
Wanindu Hasaranga,Sri Lanka,Allrounder,false,true,false,26y 285d,Right hand Bat,Legbreak
Charith Asalanka,Sri Lanka,Batting Allrounder,false,false,true,26y 315d,Left hand Bat,Right arm Offbreak
Dhananjaya de Silva,Sri Lanka,Allrounder,false,false,false,32y 246d,Right hand Bat,Right arm Offbreak
Angelo Mathews,Sri Lanka,Allrounder,false,false,false,36y 342d,Right hand Bat,Right arm Medium
Kamindu Mendis,Sri Lanka,Allrounder,false,false,false,25y 222d,Left hand Bat,"Right arm Offbreak, Slow Left arm Orthodox"
Dasun Shanaka,Sri Lanka,Allrounder,false,false,false,32y 243d,Right hand Bat,Right arm Medium
Dushmantha Chameera,Sri Lanka,Bowler,false,false,false,32y 119d,Right hand Bat,Right arm Fast
Dilshan Madushanka,Sri Lanka,Bowler,false,false,false,23y 234d,Right hand Bat,Left arm Fast medium
Matheesha Pathirana,Sri Lanka,Bowler,false,false,false,21y 143d,Right hand Bat,Right arm Fast
Maheesh Theekshana,Sri Lanka,Bowler,false,false,false,23y 282d,Right hand Bat,Right arm Offbreak
Nuwan Thushara,Sri Lanka,Bowler,false,false,false,29y 277d,Right hand Bat,Right arm Medium fast
Dunith Wellalage,Sri Lanka,Bowler,false,false,false,21y 121d,Left hand Bat,Slow Left arm Orthodox
Fred Achelam,Uganda,Wicketkeeper Batter,false,false,false,23y 100d,Right hand Bat,
Roger Mukasa,Uganda,Batter,false,false,false,34y 350d,Right hand Bat,Right arm Offbreak
Robinson Obuya,Uganda,Batter,false,false,false,23y 146d,Right hand Bat,
Ronak Patel,Uganda,Batter,false,false,false,35y 262d,Right hand Bat,Slow Left arm Orthodox
Simon Ssesazi,Uganda,Wicketkeeper Batter,false,false,false,27y 260d,Left hand Bat,Right arm Slow
Riazat Ali Shah,Uganda,Batting Allrounder,false,false,true,26y 76d,Right hand Bat,Right arm Medium
Dinesh Nakrani,Uganda,Allrounder,false,false,false,32y 228d,Left hand Bat,Left arm Medium
Frank Nsubuga,Uganda,Allrounder,false,false,false,43y 252d,Right hand Bat,Right arm Offbreak
Alpesh Ramjani,Uganda,Allrounder,false,false,false,29y 225d,Left hand Bat,Slow Left arm Orthodox
Kenneth Waiswa,Uganda,Allrounder,false,false,false,25y 177d,Right hand Bat,Right arm Medium
Brian Masaba,Uganda,Bowler,false,true,false,32y 227d,Right hand Bat,"Right arm Fast medium, Right arm Offbreak, Legbreak Googly"
Bilal Hassan,Uganda,Bowler,false,false,false,34y 21d,Right hand Bat,Right arm Medium fast
Cosmas Kyewuta,Uganda,Bowler,false,false,false,22y 130d,Right hand Bat,Right arm Medium
Juma Miyagi,Uganda,Bowler,false,false,false,21y 31d,Right hand Bat,Right arm Medium fast
Henry Ssenyondo,Uganda,Bowler,false,false,false,30y 268d,Right hand Bat,Slow Left arm Orthodox
Monank Patel,United States of America,Wicketkeeper Batter,false,true,false,31y 2d,Right hand Bat,
Aaron Jones,United States of America,Top order Batter,false,false,true,29y 197d,Right hand Bat,Legbreak Googly
Andries Gous,United States of America,Wicketkeeper Batter,false,false,false,30y 161d,Right hand Bat,
Nitish Kumar,United States of America,Top order Batter,false,false,false,29y 348d,Right hand Bat,Right arm Offbreak
Shayan Jahangir,United States of America,Batter,false,false,false,29y 131d,Right hand Bat,Right arm Medium fast
Steven Taylor,United States of America,Opening Batter,false,false,false,30y 176d,Left hand Bat,Right arm Offbreak
Corey Anderson,United States of America,Batting Allrounder,false,false,false,33y 142d,Left hand Bat,Left arm Medium fast
Harmeet Singh,United States of America,Bowling Allrounder,false,false,false,31y 239d,Left hand Bat,Slow Left arm Orthodox
Milind Kumar,United States of America,Allrounder,false,false,false,33y 78d,Right hand Bat,Right arm Offbreak
Nisarg Patel,United States of America,Allrounder,false,false,false,36y 13d,Right hand Bat,Slow Left arm Orthodox
Shadley van Schalkwyk,United States of America,Allrounder,false,false,false,35y 272d,Left hand Bat,Right arm Medium
Ali Khan,United States of America,Bowler,false,false,false,33y 142d,Right hand Bat,Right arm Fast medium
Jasdeep Singh,United States of America,Bowler,false,false,false,31y 83d,Right hand Bat,Right arm Medium
Nosthush Kenjige,United States of America,Bowler,false,false,false,33y 62d,Right hand Bat,Slow Left arm Orthodox
Saurabh Netravalkar,United States of America,Bowler,false,false,false,32y 200d,Right hand Bat,Left arm Fast medium
Rovman Powell,West Indies,Middle order Batter,false,true,false,30y 285d,Right hand Bat,Right arm Medium fast
Johnson Charles,West Indies,Wicketkeeper Batter,false,false,false,35y 110d,Right hand Bat,
Shimron Hetmyer,West Indies,Middle order Batter,false,false,false,27y 129d,Left hand Bat,
Shai Hope,West Indies,Wicketkeeper Batter,false,false,false,30y 175d,Right hand Bat,
Nicholas Pooran,West Indies,Wicketkeeper Batter,false,false,false,28y 214d,Left hand Bat,Right arm Offbreak
Sherfane Rutherford,West Indies,Middle order Batter,false,false,false,25y 262d,Left hand Bat,Right arm Fast medium
Brandon King,West Indies,Top order Batter,true,false,false,29y 139d,Right hand Bat,
Roston Chase,West Indies,Allrounder,false,false,false,32y 42d,Right hand Bat,Right arm Offbreak
Kyle Mayers,West Indies,Batting Allrounder,false,false,false,31y 238d,Left hand Bat,Right arm Medium
Andre Russell,West Indies,Allrounder,false,false,false,36y 4d,Right hand Bat,Right arm Fast
Romario Shepherd,West Indies,Bowling Allrounder,false,false,false,29y 159d,Right hand Bat,Right arm Fast medium
Jason Holder,West Indies,Bowling Allrounder,true,false,false,32y 180d,Right hand Bat,Right arm Medium fast
Alzarri Joseph,West Indies,Bowler,false,false,true,27y 165d,Right hand Bat,Right arm Fast
Akeal Hosein,West Indies,Bowler,false,false,false,31y 8d,Left hand Bat,Slow Left arm Orthodox
Shamar Joseph,West Indies,Bowler,false,false,false,24y 246d,Left hand Bat,Right arm Fast
Obed McCoy,West Indies,Bowler,false,false,false,27y 120d,Left hand Bat,Left arm Fast medium
Gudakesh Motie,West Indies,Bowler,false,false,false,29y 35d,Left hand Bat,Slow Left arm Orthodox
